{"qw": 0.3642955942235549, "qy": 0.0, "qx": 0.0, "qz": 0.9312833725721227, "y": -6.225379741995592, "x": 4.701795245108222, "z": 0.12049999999999998}
